corpus_id,entry_no,definition,present,present_1sg,imperfective,perfective,imperative,infinitive,root,aspect_class,distributive,prefix_class,tense_present_class,translocutive
4,8,it’s bouncing,atateka,katateka,atateko'i,utatinvsv'i,hatatuka,utatinvti,atat,go-in,,a_stem,a_present,
5,9,he/she is limping,atateka,katateka,atateko'i,utatesv'i,hatatuka,utatinvti,atat,go-in[perf2],,a_stem,a_present,
6,10,he/she is bouncing it,atatinvtiha,katatinvtiha,atatinvtisko'i,utatinvthanv'i,hatatinvta,utatinvtohti,atatinvt,cause,,a_stem,a_present,
7,11,he/she is putting on a belt,atatlohiha,katatlohiha,atatlohiho'i,utatlolhv'i,hatatloka,utatlosti,atatlo,hih-lh,,a_stem,a_present,
10,14,he/she is praying,atatolistiha,katatolistiha,atatolistisko'i,utatolisthanv'i,hatatolista,utatolistohti,atatolist,cause,,a_stem,a_present,
27,31,he/she is looking at himself/herself in a mirror,atakheha,katakheha,atakhesko'i,utakhehv'i,hatakhvla,utakhehti,atakh,apl-active,,a_stem,a_present,
29,33,it’s beginning,ataleniha,,atalenisko'i,utalenvhv'i,,utalenhti,atalen,ih-vh,,a_stem,a_present,
29,33,it’s beginning,ataleniha,,atalenisko'i,utalenvhv'i,,utalenhti,talen,ih-vh,,cons_stem,a_present,
30,34,he/she is shopping,atananesvhvska,katananesvhvska,atananesvhvsko'i,utananesvnhv'i,hatananesvhvka,utananesvhvsti,atananesv,hvsk-nh[inf3],,a_stem,a_present,
30,34,he/she is shopping,atananesvhvska,katananesvhvska,atananesvhvsko'i,utananesvnhv'i,hatananesvhvka,utananesvhvsti,atananes,episodic[inf2],,a_stem,a_present,
32,36,he/she is taking off running,atanawhstiha,katanawhstiha,atanawhstisko'i,utanawhsthanv'i,hatanawhsta,utanawhstohti,atanawhst,cause,,a_stem,a_present,
33,37,he/she is changing,atanetliyv'a,katanetliyv'a,atanetliyvsko'i,utanetliyvsv'i,hatanetliyvna,utanetliyvsti,atanetliy,v-vhs,,a_stem,a_present,
34,38,he/she is taking turns with him/her,atanetliyvstiha,katanetliyvstiha,atanetliyvstisko'i,utanetliyvsthanv'i,hatanetliyvsta,utanetliyvstohti,atanetliyvst,cause,,a_stem,a_present,
44,48,it’s twisting,atanutheyoha,katanutheyoha,atanutheyoho'i,utanutheyolv'i,hatanutheyaka,utanutheyoti,atanuthey,oh-ol,,a_stem,a_present,
46,50,he/she is ordering it,atanvska,katanvska,atanvsko'i,utanvsv'i,hatanvla,utanvsti,atanv,sk-s-la,,a_stem,a_present,
48,52,he/she is cooking a meal,atastayvhvska,katastayvhvska,atastayvhvsko'i,utastayvnhv'i,hatastayvhvka,utastayhti,atastay,episodic,,a_stem,a_present,
51,55,it’s burning (refers to flames),atawelaki'a,katawelaki'a,atawelakisko'i,utawelakv'i,hatawelaka,utawelakisti,atawelak,i-a-i,,a_stem,a_present,
54,58,he/she is resting,atawesolvstiha,katawesolvstiha,atawesolvstisko'i,utawesolvsthanv'i,hatawesolvsta,utawesolvstohti,atawesolvst,cause,,a_stem,a_present,
56,60,he/she is bathing,atawo'a,katawo'a,atawosko'i,utawo'v'i,hatawotsa,utawosti,ataw,o,,a_stem,a_present,
59,63,he/she is giving him/her it (refers to a long object),ateha,tsiteha,ateho'i,utelv'i,hitisi,utehti,t,apl[imp3],,cons_stem,a_present,
72,76,he/she is laying it down (refers to a long object),ati'a,tsiti'a,atisko'i,utv'i,hita,utisti,t,i-a-i,,cons_stem,a_present,
74,78,he/she is scattering it,atikaleya'a,katikaleya'a,atikaleyasko'i,utikaleyv'i,hatikaleya,utikaleyasti,atikaley,a,,a_stem,a_present,
75,79,it’s scattering,atikaleyoka,,atikaleyoko'i,utikaleyotsv'i,,utikaleyoyhsti,atikaleyo,become[inf3],,a_stem,a_present,
75,79,it’s scattering,atikaleyoka,,atikaleyoko'i,utikaleyotsv'i,,utikaleyoyhsti,tikaleyo,become[inf3],,cons_stem,a_present,
78,82,he/she is running over him/her,atinvtiha,tsiyatinvtiha,atinvtisko'i,utinvthanv'i,hiyatinvta,utinvtohti,atinvt,cause,,a_stem,a_present,
79,83,he/she is hiding,atiskalhvska,katiskalhvska,atiskalhvsko'i,utiskalhanv'i,hatiskalhvka,utiskalhti,atiskal,hvsk-han,,a_stem,a_present,
80,84,he/she is leaving it behind (refers to a long object),atisiya'a,tsitisiya'a,atisiyasko'i,utisiyv'i,hitisiya,utisiyasti,tisiy,a,,cons_stem,a_present,
82,86,he/she is drinking it,atithaska,katithaska,atithasko'i,utithahv'i,hatitha,utithasti,atitha,sk-h[imp2],,a_stem,a_present,
85,89,he/she is scratching,atlakoska,katlakoska,atlakosko'i,utlakosv'i,hatlakola,utlakosti,atlako,sk-s-la,,a_stem,a_present,
87,91,he/she is turning off the road,atle'a,katle'a,atlesko'i,utlesv'i,hatlaki,utlesti,atl,rev-e,,a_stem,a_present,
88,92,he/she is taking revenge against him/her,atletsheha,tsiyatletsheha,atletsheho'i,utletshelv'i,hiyatletshisi,utletshehti,atletsh,apl[imp3],,a_stem,a_present,
94,98,it’s pouring into a container (refers to liquid),atlika,,atliko'i,utlitsv'i,,utliyhsti,atli,become[inf3],,a_stem,a_present,
94,98,it’s pouring into a container (refers to liquid),atlika,,atliko'i,utlitsv'i,,utliyhsti,tli,become[inf3],,cons_stem,a_present,
96,100,he/she is pouring a liquid into a container,atlistiha,tsitlistiha,atlistisko'i,utlisthanv'i,hitlista,utlistohti,tlist,cause,,cons_stem,a_present,
101,105,he/she is catching up with him/her,atlvthaska,tsiyatlvthaska,atlvthasko'i,utlvthahv'i,hiyatlvtha,utlvthasti,atlvtha,sk-h[imp2],,a_stem,a_present,
107,111,he/she is acting silly,atvneliha,katvneliha,atvnelisko'i,utvnelvnhv'i,hatvnela,utvnelhti,atvnel,vnh-ih-a,,a_stem,a_present,
109,113,he/she is preparing it,atvnv'istiha,katvnv'istiha,atvnv'istisko'i,utvnv'isthanv'i,hatvnv'ista,utvnv'istohti,atvnv'ist,cause,,a_stem,a_present,
112,116,it is shining (refers to sun or moon),akaliha,,akalisko'i,ukalisv'i,,ukalihisti,kal,ih-ihi,,cons_stem,a_present,
112,116,it is shining (refers to sun or moon),akaliha,,akalisko'i,ukalisv'i,,ukalihisti,akal,ih-ihi,,a_stem,a_present,
115,119,he/she is licking it,akanati'a,tsikanati'a,akanatisko'i,ukanatv'i,hikanata,ukanatisti,kanat,i-a-i,,cons_stem,a_present,
118,122,it’s getting warm,akanawoska,,akanawosko'i,ukanawosv'i,,ukanawohisti,akanawo,sk-s-hi-hihst,,a_stem,a_present,
118,122,it’s getting warm,akanawoska,,akanawosko'i,ukanawosv'i,,ukanawohisti,kanawo,sk-s-hi-hihst,,cons_stem,a_present,
127,132,he/she is eating it (refers to a single solid food),aki'a,tsiki'a,akisko'i,ukv'i,hika,ukisti,k,i-a-i,,cons_stem,a_present,
128,133,he/she is picking it up,aki'a,tsiki'a,akisko'i,ukisv'i,hiki,ukisti,k,rev-i,,cons_stem,a_present,
133,138,he/she is chewing it,akisto'a,tsikisto'a,akistosko'i,ukisto'v'i,hikistotsa,ukistosti,kist,o,,cons_stem,a_present,
135,140,he/she is burning him/her,akohvstiha,tsiyakohvstiha,akohvstisko'i,ukohvsthanv'i,hiyakohvsta,ukohvstohti,akohvst,cause,,a_stem,a_present,
136,141,it’s burning,akohvska,kakohvska,akohvsko'i,ukonhv'i,hakonha,ukohvsti,ako,terminative-no-o,,a_stem,a_present,
136,141,it’s burning,akohvska,kakohvska,akohvsko'i,ukonhv'i,hakonha,ukohvsti,ak,terminative,,a_stem,a_present,
138,143,he/she is reading,akoliye'a,tsikoliye'a,akoliyesko'i,ukoliye'v'i,hikoliya,ukoliyeti,koliy,e-a,,cons_stem,a_present,
140,145,he/she is target practicing,akoniha,kakoniha,akonisko'i,ukonvhv'i,hakona,ukonhti,akon,ih-vh,,a_stem,a_present,
145,150,he/she is showing it to him/her,akowhthvhtiha,tsikowhthvhtiha,akowhthvhtisko'i,ukowhthvhthanv'i,hikowhthvhta,ukowhthvhtohti,kowhthvht,cause,,cons_stem,a_present,
152,157,he/she is scolding him/her,akvskolvska,tsikvskolvska,akvskolvsko'i,ukvskolvnv'i,hikvskolv'vka,ukvskolvti,kvskol,vsk[imp2],,cons_stem,a_present,
153,158,he/she is washing his face,akvskwo'a,kakvskwo'a,akvskwosko'i,ukvskwo'v'i,hakvskwotsa,ukvskwosti,akvskw,o,,a_stem,a_present,
172,178,it’s taking time,alhi'ilitoha,,alhi'ilitoho'i,ulhi'ilitolv'i,,ulhi'ilitasti,lhi'ilit,oh-ol[inf3],,cons_stem,a_present,
172,178,it’s taking time,alhi'ilitoha,,alhi'ilitoho'i,ulhi'ilitolv'i,,ulhi'ilitasti,alhi'ilit,oh-ol[inf3],,a_stem,a_present,
172,178,it’s taking time,alhi'ilitoha,,alhi'ilitoho'i,ulhi'ilitolv'i,,ulhi'ilitasti,alhi'ilit,be-at,,a_stem,a_present,
172,178,it’s taking time,alhi'ilitoha,,alhi'ilitoho'i,ulhi'ilitolv'i,,ulhi'ilitasti,lhi'ilit,be-at,,cons_stem,a_present,
175,181,it’s bending,alhiyvhkwitvska,,alhiyvhkwitvsko'i,ulhiyvhkwitvnv'i,,ulhiyvhkwitvti,alhiyvhkwit,vsk,,a_stem,a_present,
175,181,it’s bending,alhiyvhkwitvska,,alhiyvhkwitvsko'i,ulhiyvhkwitvnv'i,,ulhiyvhkwitvti,lhiyvhkwit,vsk[imp2],,cons_stem,a_present,
175,181,it’s bending,alhiyvhkwitvska,,alhiyvhkwitvsko'i,ulhiyvhkwitvnv'i,,ulhiyvhkwitvti,alhiyvhkwit,vsk[imp2],,a_stem,a_present,
175,181,it’s bending,alhiyvhkwitvska,,alhiyvhkwitvsko'i,ulhiyvhkwitvnv'i,,ulhiyvhkwitvti,lhiyvhkwit,vsk,,cons_stem,a_present,
179,185,it’s shattering,alhkhotvska,,alhkhotvsko'i,ulhkhotvnhv'i,,,lhkhot,vnh-vsk[inf4],,cons_stem,a_present,
179,185,it’s shattering,alhkhotvska,,alhkhotvsko'i,ulhkhotvnhv'i,,,alhkhot,vnh-vsk[inf2],,a_stem,a_present,
179,185,it’s shattering,alhkhotvska,,alhkhotvsko'i,ulhkhotvnhv'i,,,alhkhot,vnh-vsk,,a_stem,a_present,
179,185,it’s shattering,alhkhotvska,,alhkhotvsko'i,ulhkhotvnhv'i,,,lhkhot,vnh-vsk[inf2],,cons_stem,a_present,
179,185,it’s shattering,alhkhotvska,,alhkhotvsko'i,ulhkhotvnhv'i,,,alhkhot,vnh-vsk[inf3],,a_stem,a_present,
179,185,it’s shattering,alhkhotvska,,alhkhotvsko'i,ulhkhotvnhv'i,,,lhkhot,vnh-vsk[inf3],,cons_stem,a_present,
179,185,it’s shattering,alhkhotvska,,alhkhotvsko'i,ulhkhotvnhv'i,,,alhkhot,vnh-vsk[inf4],,a_stem,a_present,
179,185,it’s shattering,alhkhotvska,,alhkhotvsko'i,ulhkhotvnhv'i,,,lhkhot,vnh-vsk,,cons_stem,a_present,
182,188,he/she is beating him/her at a game,alhoska,tsilhoska,alhosko'i,ulhosv'i,hilhohi,ulhohisti,lho,sk-s-hi-hihst,,cons_stem,a_present,
191,197,he/she is wrestling,anhehiha,kanhehiha,anhehiho'i,unhelhv'i,hanheka,unhesti,anhe,hih-lh,,a_stem,a_present,
224,230,it’s thundering,ayhvtakwalo'a,,ayhvtakwalosko'i,uyhvtakwalo'v'i,,uyhvtakwalosti,yhvtakwal,o,,cons_stem,a_present,
224,230,it’s thundering,ayhvtakwalo'a,,ayhvtakwalosko'i,uyhvtakwalo'v'i,,uyhvtakwalosti,ayhvtakwal,o,,a_stem,a_present,
238,244,it’s hatching,atsa'i'a,katsa'i'a,atsa'isko'i,utsa'isv'i,hatsa'i,utsa'isti,atsa,rev-'i,,a_stem,a_present,
238,244,it’s hatching,atsa'i'a,katsa'i'a,atsa'isko'i,utsa'isv'i,hatsa'i,utsa'isti,atsa',rev-i,,a_stem,a_present,
239,245,he/she is dressing up,atsanvska,katsanvska,atsanvsko'i,utsanvnhv'i,hatsanvna,utsanvhti,atsan,vnh-vsk[inf2],,a_stem,a_present,
242,248,he/she is acting like him/her,atselvska,katselvska,atselvsko'i,utselvnhv'i,hatselvna,utselhti,atsel,vnh-vsk,,a_stem,a_present,
250,256,it’s blooming,atsilvska,,atsilvsko'i,utsilvnhv'i,,utsilhti,atsil,vnh-vsk,,a_stem,a_present,
250,256,it’s blooming,atsilvska,,atsilvsko'i,utsilvnhv'i,,utsilhti,tsil,vnh-vsk,,cons_stem,a_present,
253,259,he/she is lighting a fire,atsislhvska,tsitsislhvska,atsislhvsko'i,utsislhanv'i,hitsislhvka,utsislhvsti,tsisl,hvsk-han[inf2],,cons_stem,a_present,
254,260,he/she is blowing,atsothaska,katsothaska,atsothasko'i,utsothahv'i,hatsotha,utsothasti,atsotha,sk-h[imp2],,a_stem,a_present,
255,261,he/she is turning on a light,atsvsthvska,tsitsvsthvska,atsvsthvsko'i,utsvsthanv'i,hitsvsthvka,utsvsthvsti,tsvst,hvsk-han[inf2],,cons_stem,a_present,
259,266,he/she is chasing him/her,akheheka,tsikheheka,akheheko'i,ukhehvsv'i,hikhehuka,ukhehvsti,kheh,go,,cons_stem,a_present,
261,268,he/she is riding it (refers to anything that can be straddled),akhilvtiha,tsiyakhilvtiha,akhilvtisko'i,ukhilvthanv'i,hiyakhilvta,ukhilvtohti,akhilvt,cause,,a_stem,a_present,
266,273,he/she is shovelling it,akhote'a,tsikhote'a,akhotesko'i,ukhotesv'i,hikhotaki,ukhotesti,khot,rev-e,,cons_stem,a_present,
296,303,he/she is tromping on him/her,alasta'eha,tsiyalasta'eha,alasta'esko'i,ulasta'elhv'i,hiyalasta'vla,ulasta'ehti,alasta',apl-active-',,a_stem,a_present,
297,304,he/she is stepping on him/her,alastvska,tsiyalastvska,alastvsko'i,ulastvnv'i,hiyalastv'vka,ulastvti,alast,vsk[imp2],,a_stem,a_present,
298,305,he/she is playing ball,alaskaliha,kalaskaliha,alaskalisko'i,ulaskalvhv'i,halaskala,ulaskalhti,alaskal,ih-vh,,a_stem,a_present,
300,307,he/she is taking a step,alaskv'a,kalaskv'a,alaskvsko'i,ulaskvsv'i,halaskvna,ulaskvsti,alask,v-vhs,,a_stem,a_present,
317,324,he/she is exchanging it,ali'iti'a,kali'iti'a,ali'itisko'i,uli'itv'i,hali'ita,uli'itisti,ali'it,i-a-i,,a_stem,a_present,
318,325,he/she is running away,alithi'a,kalithi'a,alithisko'i,ulithisv'i,halithi,ulithisti,alith,rev-i,,a_stem,a_present,
320,327,he/she is taking his/her ring off,aliyesusthki'a,kaliyesusthki'a,aliyesusthkisko'i,uliyesusthkisv'i,haliyesusthki,uliyesusthkisti,aliyesusthk,rev-i,,a_stem,a_present,
320,327,he/she is taking his/her ring off,aliyesusthki'a,kaliyesusthki'a,aliyesusthkisko'i,uliyesusthkisv'i,haliyesusthki,uliyesusthkisti,aliyesusth,rev-gi,,a_stem,a_present,
322,329,he/she is putting a ring on his/her finger,aliyesusthvska,kaliyesusthvska,aliyesusthvsko'i,uliyesusthanv'i,haliyesusthvka,uliyesusthvsti,aliyesust,hvsk-han[inf2],,a_stem,a_present,
339,346,it’s ending,alhskwati'a,,alhskwatisko'i,ulhskwatv'i,,ulhskwatisti,alhskwat,i-a-i,,a_stem,a_present,
339,346,it’s ending,alhskwati'a,,alhskwatisko'i,ulhskwatv'i,,ulhskwatisti,lhskwat,i-a-i,,cons_stem,a_present,
355,362,they are gathering,anatalhisiha,otsatalhisiha,anatalhisisko'i,unatalhisanhv'i,itsatalhisa,unatalhisohti,atalhis,cause[perf2],,vowel_stem,a_present,
355,362,they are gathering,anatalhisiha,otsatalhisiha,anatalhisisko'i,unatalhisanhv'i,itsatalhisa,unatalhisohti,atalhis,cause[perf2],,k_a_stem,a_present,
355,362,they are gathering,anatalhisiha,otsatalhisiha,anatalhisisko'i,unatalhisanhv'i,itsatalhisa,unatalhisohti,atalhis,cause[perf2],,a_stem,a_present,
356,363,it’s lightning,anakaliha,,anakalisko'i,unakalvhv'i,,,akal,ih-vh[inf2],,vowel_stem,a_present,
356,363,it’s lightning,anakaliha,,anakalisko'i,unakalvhv'i,,,akal,ih-vh,,a_stem,a_present,
356,363,it’s lightning,anakaliha,,anakalisko'i,unakalvhv'i,,,anakal,ih-vh[inf2],,a_stem,a_present,
356,363,it’s lightning,anakaliha,,anakalisko'i,unakalvhv'i,,,akal,ih-vh,,vowel_stem,a_present,
356,363,it’s lightning,anakaliha,,anakalisko'i,unakalvhv'i,,,nakal,ih-vh[inf2],,cons_stem,a_present,
356,363,it’s lightning,anakaliha,,anakalisko'i,unakalvhv'i,,,akal,ih-vh[inf2],,k_a_stem,a_present,
356,363,it’s lightning,anakaliha,,anakalisko'i,unakalvhv'i,,,akal,ih-vh,,k_a_stem,a_present,
356,363,it’s lightning,anakaliha,,anakalisko'i,unakalvhv'i,,,anakal,ih-vh,,a_stem,a_present,
356,363,it’s lightning,anakaliha,,anakalisko'i,unakalvhv'i,,,nakal,ih-vh,,cons_stem,a_present,
356,363,it’s lightning,anakaliha,,anakalisko'i,unakalvhv'i,,,akal,ih-vh[inf2],,a_stem,a_present,
361,368,he/she is attempting it,anelhtiha,kanelhtiha,anelhtisko'i,unelhthanv'i,hanelhta,unelhtohti,anelht,cause,,a_stem,a_present,
362,369,he is getting married,anelati'a,kanelati'a,anelatisko'i,unelatv'i,hanelata,unelatisti,anelat,i-a-i,,a_stem,a_present,
365,372,they are standing (refers to a congregation),anitona'a,otsitona'a,anitona'o'i,anitona'v'i,,,itona',stative,,vowel_stem,a_present,
365,372,they are standing (refers to a congregation),anitona'a,otsitona'a,anitona'o'i,anitona'v'i,,,tona',stative,,cons_stem,a_present,
366,373,they are asleep (refers to more than two),anilhina,otsilhina,anilhino'i,,,,lhin,stative,,r_stem,a_present,
366,373,they are asleep (refers to more than two),anilhina,otsilhina,anilhino'i,,,,lhin,stative,,cons_stem,a_present,
366,373,they are asleep (refers to more than two),anilhina,otsilhina,anilhino'i,,,,ilhin,stative,,vowel_stem,a_present,
367,374,they are sitting (refers to a congregation),ani'na,otsi'na,ani'no'i,ani'nv'i,,,'n,stative,,cons_stem,a_present,
367,374,they are sitting (refers to a congregation),ani'na,otsi'na,ani'no'i,ani'nv'i,,,i'n,stative,,vowel_stem,a_present,
373,380,he/she is setting a trap,asatvska,tsisatvska,asatvsko'i,usatvnv'i,hisatv'vka,usatvti,sat,vsk[imp2],,cons_stem,a_present,
374,381,he/she is lifting him/her,asalati'a,tsisalati'a,asalatisko'i,usalatanv'i,hisalatvka,usalatoti,salat,i-vka,,cons_stem,a_present,
377,384,he/she is making it crisp,astakayhtiha,tsistakayhtiha,astakayhtisko'i,ustakayhthanv'i,histakayhta,ustakayhtohti,stakayht,cause,,cons_stem,a_present,
378,385,it’s becoming crisp,astakayvhiha,,astakayvhiho'i,ustakayvlhv'i,,,astakayv,hih-lh,,a_stem,a_present,
378,385,it’s becoming crisp,astakayvhiha,,astakayvhiho'i,ustakayvlhv'i,,,stakayv,hih-lh[imp2],,cons_stem,a_present,
378,385,it’s becoming crisp,astakayvhiha,,astakayvhiho'i,ustakayvlhv'i,,,astakayv,hih-lh[imp2],,a_stem,a_present,
378,385,it’s becoming crisp,astakayvhiha,,astakayvhiho'i,ustakayvlhv'i,,,stakayv,hih-lh,,cons_stem,a_present,
380,387,he/she is drawing a line,astanvnhvska,tsistanvnhvska,astanvnhvsko'i,ustanvnhanv'i,histanvnhvka,ustanvnhti,stanvn,hvsk-han,,cons_stem,a_present,
381,388,he/she is following him/her,astawateka,tsistawateka,astawateko'i,ustawatvsv'i,histawatuka,ustawatvsti,stawat,go,,cons_stem,a_present,
382,389,he/she is helping him/her,asteliha,tsisteliha,astelisko'i,ustelvhv'i,histela,ustelhti,stel,ih-vh,,cons_stem,a_present,
383,390,he/she is braiding it,asteyoha,tsisteyoha,asteyoho'i,usteyolv'i,histeyaka,usteyoti,stey,oh-ol,,cons_stem,a_present,
384,391,he/she is eating it (refers to a long object),astiki'a,tsistiki'a,astikisko'i,ustikv'i,histika,ustikisti,stik,i-a-i,,cons_stem,a_present,
386,393,he/she is crushing it,asto'a,tsisto'a,astosko'i,usto'v'i,histotsa,ustosti,st,o,,cons_stem,a_present,
388,395,he/she is trimming it (refers to hair‚ grass‚ hedge; but not paper‚ cloth),astoyeha,tsistoyeha,astoyesko'i,ustoyehv'i,histoya,ustoyhti,stoy,apl-active-a,,cons_stem,a_present,
390,397,he/she is opening it,astu'i'a,tsistu'i'a,astu'isko'i,ustu'isv'i,histu'i,ustu'isti,stu,rev-'i,,cons_stem,a_present,
390,397,he/she is opening it,astu'i'a,tsistu'i'a,astu'isko'i,ustu'isv'i,histu'i,ustu'isti,stu',rev-i,,cons_stem,a_present,
392,399,he/she is sandwiching it,astvhalhvska,tsistvhalhvska,astvhalhvsko'i,ustvhalhanv'i,histvhalhvka,ustvhalhti,stvhal,hvsk-han,,cons_stem,a_present,
397,404,he/she is including him/her (refers to in counting),asestiha,tsiyasestiha,asestisko'i,usesthanv'i,hiyasesta,usestohti,asest,cause,,a_stem,a_present,
398,405,he/she is withdrawing (refers to a motion),asesiha,kasesiha,asesisko'i,usesvhv'i,hasesa,usesvhti,ases,ih-vh[inf2],,a_stem,a_present,
400,407,he/she is reprimanding him/her,askaka,tsiskaka,askako'i,uskatsv'i,hiskaki,uskayhsti,ska,become[inf3],,cons_stem,a_present,
405,412,he/she is committing a crime,askanvka,tsiskanvka,askanvko'i,uskanvtsv'i,hiskanvki,uskanvyhsti,skanv,become[inf3],,cons_stem,a_present,
411,418,he/she is gnawing it,askoki'a,tsiskoki'a,askokisko'i,uskokv'i,hiskoka,uskokisti,skok,i-a-i,,cons_stem,a_present,
413,420,he/she is rubbing him/her,askoliye'a,tsiyaskoliye'a,askoliyesko'i,uskoliye'v'i,hiyaskoliya,uskoliyeti,askoliy,e-a,,a_stem,a_present,
416,423,it’s fading,askolvka,,askolvko'i,uskolvtsv'i,,uskolvyhsti,askolv,become[inf3],,a_stem,a_present,
416,423,it’s fading,askolvka,,askolvko'i,uskolvtsv'i,,uskolvyhsti,skolv,become[inf3],,cons_stem,a_present,
417,424,he/she is digging it,askoska,kaskoska,askosko'i,uskosv'i,haskola,uskosti,asko,sk-s-la,,a_stem,a_present,
419,426,he/she is finishing it,askwati'a,tsiskwati'a,askwatisko'i,uskwatv'i,hiskwata,uskwatisti,skwat,i-a-i,,cons_stem,a_present,
421,428,he/she is catching him/her (refers to a falling person or object),askwalhe'a,tsiskwalhe'a,askwalhesko'i,uskwalhesv'i,hiskwalhaki,uskwalhesti,skwalh,rev-e,,cons_stem,a_present,
423,430,it’s getting shorter,askwaloka,tsiskwaloka,askwaloko'i,uskwalotsv'i,hiskwaloki,uskwaloyhsti,skwalo,become[inf3],,cons_stem,a_present,
425,432,he/she is hitting him/her on the head with it (refers to a long object),askwalvniha,tsiskwalvniha,askwalvniho'i,uskwalvnilv'i,hiskwalvnika,uskwalvnisti,skwalvn,ih-il,,cons_stem,a_present,
427,434,he/she is amazed,askwanikoska,tsiskwanikoska,askwanikosko'i,uskwanikosv'i,hiskwanikohi,uskwanikohisti,skwaniko,sk-s-hi-hihst,,cons_stem,a_present,
429,436,he/she is hitting him/her on the abdomen with it (refers to a long object),askwohalvniha,tsiskwohalvniha,askwohalvniho'i,uskwohalvnilv'i,hiskwohalvnika,uskwohalvnisti,skwohalvn,ih-il,,cons_stem,a_present,
430,437,he/she is placing his/her hand on him/her,asihthati'a,tsiyasihthati'a,asihthatisko'i,usihthatv'i,hiyasihthata,usihthatisti,asihthat,i-a-i,,a_stem,a_present,
431,438,he/she is slapping him/her,asihthvniha,tsiyasihthvniha,asihthvniho'i,usihthvnilv'i,hiyasihthvnika,usihthvnisti,asihthvn,ih-il,,a_stem,a_present,
432,439,he/she is backing up,asineka,kasineka,asineko'i,usinvsv'i,hasinuka,usinvsti,asin,go,,a_stem,a_present,
436,443,he/she is roping him/her,aslhati'a,tsislhati'a,aslhatisko'i,uslhatv'i,hislhata,uslhatisti,slhat,i-a-i,,cons_stem,a_present,
439,446,he/she is waving his/her hand,asolvtaki'a,kasolvtaki'a,asolvtakisko'i,usolvtakisv'i,hasolvtaki,usolvtakisti,asolvtak,rev-i,,a_stem,a_present,
439,446,he/she is waving his/her hand,asolvtaki'a,kasolvtaki'a,asolvtakisko'i,usolvtakisv'i,hasolvtaki,usolvtakisti,asolvta,rev-gi,,a_stem,a_present,
440,447,he/she is pressing down on him/her,asonhstiha,tsiyasonhstiha,asonhstisko'i,usonhsthanv'i,hiyasonhsta,usonhstohti,asonhst,cause,,a_stem,a_present,
441,448,he/she is wounding him/her,asonvska,tsisonvska,asonvsko'i,usonvnhv'i,hisonvna,usonvsti,son,vnh-vsk[inf4],,cons_stem,a_present,
444,451,he/she is fishing,asuhvska,kasuhvska,asuhvsko'i,usunhv'i,hasuhvka,usuhti,asu,hvsk-nh[inf2],,a_stem,a_present,
444,451,he/she is fishing,asuhvska,kasuhvska,asuhvsko'i,usunhv'i,hasuhvka,usuhti,asu,hvsk-nh,,a_stem,a_present,
445,452,he/she is painting it,asuwhiska,tsisuwhiska,asuwhisko'i,usuwhisv'i,hisuwha,usuwhisti,suwh,i-a-ihsk,,cons_stem,a_present,
446,453,he/she is changing his/her pants,asula'iyv'a,kasula'iyv'a,asula'iyvsko'i,usula'iyvsv'i,hasula'iyvna,usula'iyvsti,asula'iy,v-vhs,,a_stem,a_present,
447,454,he/she is taking his/her pants off,asule'a,kasule'a,asulesko'i,usulesv'i,hasulaki,usulesti,asul,rev-e,,a_stem,a_present,
448,455,he/she is putting his/her pants on,asuli'a,kasuli'a,asulisko'i,usulanv'i,hasulvka,usuloti,asul,i-vka,,a_stem,a_present,
449,456,he/she is quitting,asulikoka,tsisulikoka,asulikoko'i,usulikotsv'i,hisuliko'i,usulikosti,suli,ko-kots,,cons_stem,a_present,
452,459,he/she is choosing him/her,asuye'a,tsiyasuye'a,asuyesko'i,usuyesv'i,hiyasuyaki,usuyesti,asuy,rev-e,,a_stem,a_present,
453,460,he/she is stirring it,asuyeha,kasuyeha,asuyesko'i,usuyehv'i,hasuyvla,usuyehti,asuy,apl-active,,a_stem,a_present,
454,461,he/she is mixing it in,asuyvska,kasuyvska,asuyvsko'i,usuyvnv'i,hasuyv'vka,usuyvti,asuy,vsk[imp2],,a_stem,a_present,
455,462,it smells,asvka,tsisvka,asvko'i,,,,sv,become[inf3],,cons_stem,a_present,
455,462,it smells,asvka,tsisvka,asvko'i,,,,svk,stative,,cons_stem,a_present,
455,462,it smells,asvka,tsisvka,asvko'i,,,,sv,become[inf4],,cons_stem,a_present,
455,462,it smells,asvka,tsisvka,asvko'i,,,,sv,stative-k,,cons_stem,a_present,
455,462,it smells,asvka,tsisvka,asvko'i,,,,sv,become[inf2],,cons_stem,a_present,
455,462,it smells,asvka,tsisvka,asvko'i,,,,sv,become,,cons_stem,a_present,
459,466,he/she is drinking it up,asvhvska,tsisvhvska,asvhvsko'i,usvnhv'i,hisvnha,usvhvsti,sv,terminative-no-o,,cons_stem,a_present,
464,471,he/she is mooring a boat,athalati'a,tsithalati'a,athalatisko'i,uthalatv'i,hithalata,uthalatisti,thalat,i-a-i,,cons_stem,a_present,
467,474,it’s steaming,athanoleka,,athanoleko'i,uthanolvsv'i,,uthanolvsti,thanol,go,,cons_stem,a_present,
467,474,it’s steaming,athanoleka,,athanoleko'i,uthanolvsv'i,,uthanolvsti,athanol,go,,a_stem,a_present,
469,476,it’s exploding,athaski'a,,athaskisko'i,uthaskisv'i,hathaski,uthaskisti,athas,rev-gi,,a_stem,a_present,
469,476,it’s exploding,athaski'a,,athaskisko'i,uthaskisv'i,hathaski,uthaskisti,athask,rev-i,,a_stem,a_present,
474,481,he/she is asking for it,athayohiha,tsithayohiha,athayohiho'i,uthayolhv'i,hithayoha,uthayosti,thayo,hih-lh[imp2],,cons_stem,a_present,
477,484,he/she is shaking him/her,athelvhvska,tsithelvhvska,athelvhvsko'i,uthelvnhv'i,hithelvna,uthelhti,thel,episodic[imp2],,cons_stem,a_present,
479,486,he/she is leading him/her,athinhi,tsiyathinhi,athinheko'i,uthinhvsv'i,hiyathinhuka,uthinhvsti,athinh,go[pres2],,a_stem,i_present,
483,490,he/she is racing,athohkiya'a,kathohkiya'a,athohkiyasko'i,uthohkiyv'i,hathohkiya,uthohkiyasti,athohkiy,a,,a_stem,a_present,
486,493,he/she is loaning it to him/her,atholhstiha,tsiyatholhstiha,atholhstisko'i,utholhsthanv'i,hiyatholhsta,utholhstohti,atholhst,cause,,a_stem,a_present,
488,495,it’s flashing (refers to reflected light),athoyawhska,,athoyawhsko'i,uthoyawhsv'i,,uthoyawhsti,athoyawh,sk-s-a[inf2],,a_stem,a_present,
488,495,it’s flashing (refers to reflected light),athoyawhska,,athoyawhsko'i,uthoyawhsv'i,,uthoyawhsti,thoyawh,sk-s-a[inf2],,cons_stem,a_present,
493,500,he/she is promising,athu'istiha,tsithu'istiha,athu'istisko'i,uthu'isthanv'i,hithu'ista,uthu'istohti,thu'ist,cause,,cons_stem,a_present,
494,501,he/she is listening to him/her,athvtastiha,tsiyathvtastiha,athvtastisko'i,uthvtasthanv'i,hiyathvtasta,uthvtastohti,athvtast,cause,,a_stem,a_present,
495,502,he/she is asking him/her a question,athvtvhvska,tsiyathvtvhvska,athvtvhvsko'i,uthvtvnhv'i,hiyathvtvhvka,uthvthti,athvt,episodic,,a_stem,a_present,
496,503,he/she hears him/her,athvki'a,tsiyathvki'a,athvkisko'i,uthvkanv'i,hiyathvkvka,uthvkoti,athvk,i-vka,,a_stem,a_present,
502,509,he/she is inside,aya'a,tsiya'a,aya'o'i,,,,y,stative-a',,cons_stem,a_present,
502,509,he/she is inside,aya'a,tsiya'a,aya'o'i,,,,ya',stative,,cons_stem,a_present,
507,514,he/she is waking up,ayeka,tsiyeka,ayeko'i,uyetsv'i,hiyeki,uye'isti,ye,become[inf2],,cons_stem,a_present,
509,516,he/she is waking him/her up,aye'istiha,tsiye'istiha,aye'istisko'i,uye'isthanv'i,hiye'ista,uye'istohti,ye'ist,cause,,cons_stem,a_present,
515,522,it’s breaking,ayoka,tsiyoka,ayoko'i,uyotsv'i,hiyoki,uyoyhsti,yo,become[inf3],,cons_stem,a_present,
523,530,he/she is greeting him/her,ayoliha,tsiyoliha,ayoliho'i,uyolilv'i,hiyolika,uyolisti,yol,ih-il,,cons_stem,a_present,
524,531,he/she is breaking it,ayostiha,tsiyostiha,ayostisko'i,uyosthanv'i,hiyosta,uyostohti,yost,cause,,cons_stem,a_present,
526,533,he/she is destroying it,ayosthanohvska,tsiyosthanohvska,ayosthanohvsko'i,uyosthanonhv'i,hiyosthanonha,uyosthanohvsti,yosthan,terminative,,cons_stem,a_present,
526,533,he/she is destroying it,ayosthanohvska,tsiyosthanohvska,ayosthanohvsko'i,uyosthanonhv'i,hiyosthanonha,uyosthanohvsti,yosthano,terminative-no-o,,cons_stem,a_present,
542,552,he/she is accepting him/her,tatanilvka,tetsiyatanilvka,tatanilvko'i,tutanilvtsv'i,thiyatanilvki,tsutanilvsti,atanilv,become,+,a_stem,a_present,
543,553,he/she is dodging,tatanvtistiha,tekatanvtistiha,tatanvtistisko'i,tutanvtisthanv'i,thatanvtista,tsutanvtistohti,atanvtist,cause,+,a_stem,a_present,
544,554,he/she is performing baptism,tatawo'a,tekatawo'a,tatawosko'i,tutawo'v'i,thatawotsa,tsutawosti,ataw,o,+,a_stem,a_present,
545,555,he/she is giving up,tatayoska,tekatayoska,tatayosko'i,tutayosv'i,thatayohi,tsutayohisti,atayo,sk-s-hi-hihst,+,a_stem,a_present,
578,588,he/she is snoring,takwhalaki'a,tetsikwhalaki'a,takwhalakisko'i,tukwhalakisv'i,thikwhalaki,tsukwhalakisti,kwhala,rev-gi,+,cons_stem,a_present,
578,588,he/she is snoring,takwhalaki'a,tetsikwhalaki'a,takwhalakisko'i,tukwhalakisv'i,thikwhalaki,tsukwhalakisti,kwhalak,rev-i,+,cons_stem,a_present,
582,592,he/she is putting on shoes,talasulhvska,tekalasulhvska,talasulhvsko'i,tulasulhanv'i,thalasulhvka,tsulasulhti,alasul,hvsk-han,+,a_stem,a_present,
583,593,he/she is changing shoes,talasula'iyv'a,tekalasula'iyv'a,talasula'iyvsko'i,tulasula'iyvsv'i,thalasula'iyvna,tsulasula'iyvsti,alasula'iy,v-vhs,+,a_stem,a_present,
584,594,he/she is taking off his/her shoes,talasule'a,tekalasule'a,talasulesko'i,tulasulesv'i,thalasulaki,tsulasulesti,alasul,rev-e,+,a_stem,a_present,
589,599,he/she is taking off his/her gloves,taliyesule'a,tekaliyesule'a,taliyesulesko'i,tuliyesulesv'i,thaliyesulaki,tsuliyesulesti,aliyesul,rev-e,+,a_stem,a_present,
590,600,he/she is putting on his/her gloves,taliyesuli'a,tekaliyesuli'a,taliyesulisko'i,tuliyesulanv'i,thaliyesulvka,tsuliyesuloti,aliyesul,i-vka,+,a_stem,a_present,
591,601,he/she is taking off his/her socks,taliyoki'a,tekaliyoki'a,taliyokisko'i,tuliyokisv'i,thaliyoki,tsuliyokisti,aliyo,rev-gi,+,a_stem,a_present,
591,601,he/she is taking off his/her socks,taliyoki'a,tekaliyoki'a,taliyokisko'i,tuliyokisv'i,thaliyoki,tsuliyokisti,aliyok,rev-i,+,a_stem,a_present,
593,603,he/she is changing his/her socks,taliyosiha,tekaliyosiha,taliyosiho'i,tuliyosvhv'i,thaliyosa,tsuliyosvhti,aliyos,ih-vh[imperf2-inf2],+,a_stem,a_present,
596,606,they are having a trial,tanatahi'litoha,totsatahi'litoha,tanatahi'litoho'i,tunatahi'litolv'i,titsatahi'lita,tsunatahi'litasti,atahi'lit,be-at,+,vowel_stem,a_present,
596,606,they are having a trial,tanatahi'litoha,totsatahi'litoha,tanatahi'litoho'i,tunatahi'litolv'i,titsatahi'lita,tsunatahi'litasti,atahi'lit,be-at,+,a_stem,a_present,
596,606,they are having a trial,tanatahi'litoha,totsatahi'litoha,tanatahi'litoho'i,tunatahi'litolv'i,titsatahi'lita,tsunatahi'litasti,atahi'lit,be-at,+,k_a_stem,a_present,
597,607,they are meeting,tanatloska,totsatloska,tanatlosko'i,tunatlosv'i,titsatlohi,tsunatlohisti,atlo,sk-s-hi-hihst,+,k_a_stem,a_present,
597,607,they are meeting,tanatloska,totsatloska,tanatlosko'i,tunatlosv'i,titsatlohi,tsunatlohisti,atlo,sk-s-hi-hihst,+,vowel_stem,a_present,
597,607,they are meeting,tanatloska,totsatloska,tanatlosko'i,tunatlosv'i,titsatlohi,tsunatlohisti,atlo,sk-s-hi-hihst,+,a_stem,a_present,
598,608,they are separating,tanakaleniha,tostakaleniha,tanakalenisko'i,tunakalenvhv'i,tistakalena,tsunakalenhti,akalen,ih-vh,+,vowel_stem,a_present,
598,608,they are separating,tanakaleniha,tostakaleniha,tanakalenisko'i,tunakalenvhv'i,tistakalena,tsunakalenhti,akalen,ih-vh,+,k_a_stem,a_present,
598,608,they are separating,tanakaleniha,tostakaleniha,tanakalenisko'i,tunakalenvhv'i,tistakalena,tsunakalenhti,akalen,ih-vh,+,a_stem,a_present,
599,609,he/she is playing with him/her,tanelhtiha,tetsiyanelhtiha,tanelhtisko'i,tunelhthanv'i,thiyanelhta,tsunelhtohti,anelht,cause,+,a_stem,a_present,
601,611,they’re having church services,tanilawika,totsilawika,tanilawiko'i,tunilawitsv'i,titsilawiki,tsunilawisti,lawi,become,+,cons_stem,a_present,
601,611,they’re having church services,tanilawika,totsilawika,tanilawiko'i,tunilawitsv'i,titsilawiki,tsunilawisti,ilawi,become,+,vowel_stem,a_present,
601,611,they’re having church services,tanilawika,totsilawika,tanilawiko'i,tunilawitsv'i,titsilawiki,tsunilawisti,lawi,become,+,r_stem,a_present,
603,613,they are adjourning,taniyeliska,totsiyeliska,taniyelisko'i,tuniyelisv'i,titsiyelihi,tsuniyelihisti,yeli,sk-s-hi-hihst,+,cons_stem,a_present,
603,613,they are adjourning,taniyeliska,totsiyeliska,taniyelisko'i,tuniyelisv'i,titsiyelihi,tsuniyelihisti,iyeli,sk-s-hi-hihst,+,vowel_stem,a_present,
603,613,they are adjourning,taniyeliska,totsiyeliska,taniyelisko'i,tuniyelisv'i,titsiyelihi,tsuniyelihisti,yeli,sk-s-hi-hihst,+,r_stem,a_present,
604,614,he/she is shooting at him/her,tastayohiha,tetsistayohiha,tastayohiho'i,tustayolhv'i,thistayoha,tsustayosti,stayo,hih-lh[imp2],+,cons_stem,a_present,
605,615,he/she is splitting it,tastluska,tetsistluska,tastlusko'i,tustluyhv'i,thistluyha,tsustlusti,stlu,sk-h-yh,+,cons_stem,a_present,
606,616,he/she is sprinkling it (with liquid),tastutli'a,tetsistutli'a,tastutlisko'i,tustutlv'i,thistutla,tsustutlisti,stutl,i-a-i,+,cons_stem,a_present,
607,617,he/she is counting it,tasehiha,tekasehiha,tasehiho'i,tuselhv'i,thaseka,tsusesti,ase,hih-lh,+,a_stem,a_present,
608,618,he/she is cursing him/her,taskinati'a,tetsiskinati'a,taskinatisko'i,tuskinatv'i,thiskinata,tsuskinatisti,skinat,i-a-i,+,cons_stem,a_present,
609,619,he/she is clapping his/her hands,tasihthvniha,tekasihthvniha,tasihthvniho'i,tusihthvnilv'i,thasihthvnika,tsusihthvnisti,asihthvn,ih-il,+,a_stem,a_present,
610,620,he/she is getting exhausted,tasthayeska,tekasthayeska,tasthayesko'i,tusthayesv'i,thasthayehi,tsusthayehisti,asthaye,sk-s-hi-hihst,+,a_stem,a_present,
611,621,it’s barking,tasuwhiska,tekasuwhiska,tasuwhisko'i,tusuwhisv'i,thasuwha,tsusuwhisti,asuwh,i-a-ihsk,+,a_stem,a_present,
612,622,he/she is scheduling a time,tasvstiha,tetsisvstiha,tasvstisko'i,tusvsthanv'i,thisvsta,tsusvstohti,svst,cause,+,cons_stem,a_present,
618,628,he/she is releasing him/her,tayoska,tetsiyoska,tayosko'i,tuyosv'i,thiyohi,tsuyohisti,yo,sk-s-hi-hihst,+,cons_stem,a_present,
620,631,he/she is slamming him/her,tekalvtvnistiha,tetsilvtvnistiha,tekalvtvnistisko'i,tulvtvnisthanv'i,thilvtvnista,tsulvtvnistohti,lvtvnist,cause,+,r_stem,a_present,
625,636,he/she is explaining it (refers to a Biblical text),tekosisiha,tekosisiha,tekosisisko'i,tuwosisanhv'i,thosisa,tsuwosisohti,osis,cause[perf2],+,vowel_stem,a_present,
627,638,he/she is washing (refers to dishes),tekvtiye'a,tekvtiye'a,tekvtiyesko'i,tuwatiye'v'i,thvtiya,tsuwatiyeti,vtiy,e-a,+,v_stem,a_present,
628,639,he/she is shelling (refers to peas‚ nut meats‚ etc),tekvthohi'a,tekvthohi'a,tekvthohisko'i,tuwvthohisv'i,thvthohi,tsuwvthohisti,vthoh,rev-i,+,vowel_stem,a_present,
722,740,he/she is confronted with it,tutloska,takwatloska,tutlosko'i,tutlosv'i,titsatlohi,tsutlohisti,atlo,sk-s-hi-hihst,+,a_stem,a_present,
724,742,he/she is staggering,tutokhtiha,takwatokhtiha,tutokhtisko'i,tutokhthanv'i,titsatokhta,tsutokhtohti,atokht,cause,+,a_stem,a_present,
725,743,he/she is getting a rash,tukwenothiska,takikwenothiska,tukwenothisko'i,tukwenothisv'i,titsakwenothihi,tsukwenothisti,kwenothi,sk-s-hst[imp2],+,cons_stem,a_present,
728,746,he/she is vomiting,tukhstiha,takikhstiha,tukhstisko'i,tukhsthanv'i,titsakhsta,tsukhstohti,khst,cause,+,cons_stem,a_present,
738,756,he/she is releasing it (refers to involuntarily releasing),tuskalestiha,takwaskalestiha,tuskalestisko'i,tuskalesthanv'i,titsaskalesta,tsuskalestohti,askalest,cause,+,a_stem,a_present,
739,757,he/she is tired,tuyaweka,takiyaweka,tuyaweko'i,tuyawetsv'i,titsayaweki,tsuyawesti,yawe,become,+,r_stem,a_present,
739,757,he/she is tired,tuyaweka,takiyaweka,tuyaweko'i,tuyawetsv'i,titsayaweki,tsuyawesti,yawe,become,+,cons_stem,a_present,
740,758,he/she is releasing it (refers to voluntarily releasing),tuyoska,takiyoska,tuyosko'i,tuyosv'i,titsayohi,tsuyohisti,yo,sk-s-hi-hihst,+,r_stem,a_present,
740,758,he/she is releasing it (refers to voluntarily releasing),tuyoska,takiyoska,tuyosko'i,tuyosv'i,titsayohi,tsuyohisti,yo,sk-s-hi-hihst,+,cons_stem,a_present,
742,765,he/she is walking around,etoha,ketoha,etoho'i,uwetolv'i,heta,uwetasti,et,be-at,,e_stem,a_present,
752,776,he/she thinks so,eli'a,keli'a,elisko'i,uwelisv'i,hela,uwelisti,el,i-a-i[perf2],,e_stem,a_present,
766,796,he/she is removing it from a hanging position (refers to solid or flexible object),kate'a,kate'a,katesko'i,utesv'i,hataki,utesti,at,rev-e,,a_stem,a_present,
775,805,he/she is pitying him/her,katolika,tsiyatolika,katoliko'i,uwatolitsv'i,hiyatoliki,uwatolisti,atoli,become,,vowel_stem,a_present,
776,806,he/she is dropping him/her (refers to flexible object),katonhtiha,tsiyatonhtiha,katonhtisko'i,utonhthanv'i,hiyatonhta,utonhtohti,atonht,cause,,a_stem,a_present,
777,807,it is falling from a hanging position (refers to flexible object),katoska,katoska,katosko'i,utosv'i,hatohi,utohisti,ato,sk-s-hi-hihst,,a_stem,a_present,
788,818,he/she is hanging up it (refers to a flexible object),katv'vska,tsiyatv'vska,katv'vsko'i,utvnv'i,hatv'vka,utvti,atv,vsk-post-v,,a_stem,a_present,
788,818,he/she is hanging up it (refers to a flexible object),katv'vska,tsiyatv'vska,katv'vsko'i,utvnv'i,hatv'vka,utvti,at,vsk-long[imp2],,a_stem,a_present,
821,851,he/she is scratching him/her,katsalikoska,tsiyatsalikoska,katsalikosko'i,uwatsalikosv'i,hiyatsalikola,uwatsalikosti,atsaliko,sk-s-la,,vowel_stem,a_present,
826,856,he/she is leaving a living thing behind,kakhahiya'a,tsiyakhahiya'a,kakhahiyasko'i,uwakhahiyv'i,hiyakhahiya,uwakhahiyasti,akhahiy,a,,vowel_stem,a_present,
829,859,he/she is wrapping him/her,kakwhenvska,tsiyakwhenvska,kakwhenvsko'i,uwakwhenvnhv'i,hiyakwhenvna,uwakwhenvhti,akwhen,vnh-vsk[inf2],,vowel_stem,a_present,
830,860,he/she is putting it in a container (refers to a long object),kalati'a,tsilati'a,kalatisko'i,ulatv'i,hilata,ulatisti,lat,i-a-i,,r_stem,a_present,
833,863,he/she is taking it out of a container (refers to a solid or flexible object),kale'a,tsile'a,kalesko'i,ulesv'i,hilaki,ulesti,l,rev-e,,r_stem,a_present,
837,867,he/she is burning,kaleyvska,tsileyvska,kaleyvsko'i,uleyvsv'i,hileyvhi,uleyvhisti,leyv,sk-s-hi-hihst,,r_stem,a_present,
838,868,it is falling from an upright position (refers to a long object eg tree‚ pole),kaleyvska,tsileyvska,kaleyvsko'i,uleyvsv'i,hileyvhi,uleyvhisti,leyv,sk-s-hi-hihst,,r_stem,a_present,
840,870,it is burning (refers to forest or grass),kalika,,kaliko'i,ulitsv'i,,,li,become,,r_stem,a_present,
840,870,it is burning (refers to forest or grass),kalika,,kaliko'i,ulitsv'i,,,li,become[inf3],,r_stem,a_present,
840,870,it is burning (refers to forest or grass),kalika,,kaliko'i,ulitsv'i,,,li,become[inf2],,r_stem,a_present,
840,870,it is burning (refers to forest or grass),kalika,,kaliko'i,ulitsv'i,,,ali,become[inf3],,a_stem,a_present,
840,870,it is burning (refers to forest or grass),kalika,,kaliko'i,ulitsv'i,,,ali,become[inf4],,a_stem,a_present,
840,870,it is burning (refers to forest or grass),kalika,,kaliko'i,ulitsv'i,,,ali,become,,a_stem,a_present,
840,870,it is burning (refers to forest or grass),kalika,,kaliko'i,ulitsv'i,,,li,become[inf4],,r_stem,a_present,
840,870,it is burning (refers to forest or grass),kalika,,kaliko'i,ulitsv'i,,,ali,become[inf2],,a_stem,a_present,
845,875,he/she is hoeing it,kaloki'a,tsiloki'a,kalokisko'i,ulokanv'i,hilokvka,ulokoti,lok,i-vka,,r_stem,a_present,
852,882,he/she is bluffing him/her,kalonastiha,tsilonastiha,kalonastisko'i,ulonasthanv'i,hilonasta,ulonastohti,lonast,cause,,r_stem,a_present,
853,883,he/she is oiling it,kalone'a,tsilone'a,kalonesko'i,ulone'v'i,hilona,uloneti,lon,e-a,,r_stem,a_present,
854,884,he/she is making him/her fall from an elevated position,kalonhtiha,tsilonhtiha,kalonhtisko'i,ulonhthanv'i,hilonhta,ulonhtohti,lonht,cause,,r_stem,a_present,
856,886,he/she is passing by without stopping,kaloska,tsiloska,kalosko'i,ulosv'i,hilohi,ulohisti,lo,sk-s-hi-hihst,,r_stem,a_present,
857,887,he/she is falling from an elevated position,kaloska,tsiloska,kalosko'i,ulosv'i,hilohi,ulohisti,lo,sk-s-hi-hihst,,r_stem,a_present,
859,889,it’s lacking,kaluloka,tsiluloka,kaluloko'i,ululotsv'i,hiluloki,ululosti,lulo,become,,r_stem,a_present,
870,900,he/she is putting it in a hole or a container (refers to a flexible object),kalvska,tsilvska,kalvsko'i,ulvnv'i,hilv'vka,ulvti,l,vsk[imp2],,r_stem,a_present,
871,901,he/she is selling it,kanateka,tsinateka,kanateko'i,unatinvsv'i,hinatuka,unatinvti,nat,go-in,,r_stem,a_present,
873,903,he/she is hiring him/her,kanalhvska,tsinalhvska,kanalhvsko'i,unalhvnv'i,hinalhv'vka,unalhvti,nalh,vsk[imp2],,r_stem,a_present,
876,906,he/she is finding it (refers to a flexible object),kanawhthiha,tsinawhthiha,kanawhthisko'i,unawhthvhv'i,hinawhtha,unawhthvhti,nawhth,ih-vh[inf2],,r_stem,a_present,
877,907,he/she is taking it somewhere (refers to an animal‚ flexible object),kanawitiha,tsinawitiha,kanawitisko'i,unawitvhv'i,hinawita,unawithti,nawit,ih-vh,,r_stem,a_present,
879,909,he/she is getting it (refers to a flexible object),kane'a,tsine'a,kanesko'i,unesv'i,hinaki,unesti,n,rev-e,,r_stem,a_present,
880,910,he/she is changing it,kanetliyv'a,tsinetliyv'a,kanetliyvsko'i,unetliyvsv'i,hinetliyvna,unetliyvsti,netliy,v-vhs,,r_stem,a_present,
883,913,he/she is peeling him/her,kanekaliha,tsinekaliha,kanekalisko'i,unekalvhv'i,hinekala,unekalhti,nekal,ih-vh,,r_stem,a_present,
884,914,he/she is getting some liquid,kaneki'a,tsineki'a,kanekisko'i,unekisv'i,hineki,unekisti,nek,rev-i,,r_stem,a_present,
884,914,he/she is getting some liquid,kaneki'a,tsineki'a,kanekisko'i,unekisv'i,hineki,unekisti,ne,rev-gi,,r_stem,a_present,
886,916,he/she is bewitching him/her,kanekuti'a,tsinekuti'a,kanekutisko'i,unekutv'i,hinekuta,unekutisti,nekut,i-a-i,,r_stem,a_present,
895,925,it’s freezing,kanestalati'a,tsinestalati'a,kanestalatisko'i,unestalatv'i,hinestalata,unestalatisti,nestalat,i-a-i,,r_stem,a_present,
896,926,it’s hailing,kanesoyhska,,kanesoyhsko'i,unesoyhsv'i,,unesoyhsti,nesoyh,sk-s-a[inf2],,r_stem,a_present,
896,926,it’s hailing,kanesoyhska,,kanesoyhsko'i,unesoyhsv'i,,unesoyhsti,anesoyh,sk-s-a[inf2],,a_stem,a_present,
901,931,he/she is agitating liquid,kanhkwa'eha,tsinhkwa'eha,kanhkwa'esko'i,unhkwa'ehv'i,hinhkwa'vla,unhkwa'ehti,nhkwa',apl-active,,r_stem,a_present,
909,939,he/she hates him/her,kanikwathiha,tsinikwathiha,kanikwathiho'i,unikwathilhv'i,hinikwathika,unikwathisti,nikwat,hih-hilh,,r_stem,a_present,
910,940,he/she is setting up a bed,kanilhati'a,tsinilhati'a,kanilhatisko'i,unilhatv'i,hinilhata,unilhatisti,nilhat,i-a-i,,r_stem,a_present,
913,943,he/she is pleading,kanilati'a,tsinilati'a,kanilatisko'i,unilatv'i,hinilata,unilatisti,nilat,i-a-i,,r_stem,a_present,
921,951,it’s flooding,kanohuki'a,,kanohukisko'i,unohukanv'i,,unohukoti,anohuk,i-vka,,a_stem,a_present,
921,951,it’s flooding,kanohuki'a,,kanohukisko'i,unohukanv'i,,unohukoti,nohuk,i-vka,,r_stem,a_present,
924,954,it is blowing (refers to wind),kanolv'vska,,kanolv'vsko'i,unolvnv'i,,unolvti,nolv,vsk-post-v,,r_stem,a_present,
924,954,it is blowing (refers to wind),kanolv'vska,,kanolv'vsko'i,unolvnv'i,,unolvti,anolv,vsk-post-v,,a_stem,a_present,
924,954,it is blowing (refers to wind),kanolv'vska,,kanolv'vsko'i,unolvnv'i,,unolvti,nol,vsk-long,,r_stem,a_present,
924,954,it is blowing (refers to wind),kanolv'vska,,kanolv'vsko'i,unolvnv'i,,unolvti,anol,vsk-long[imp2],,a_stem,a_present,
924,954,it is blowing (refers to wind),kanolv'vska,,kanolv'vsko'i,unolvnv'i,,unolvti,anol,vsk-long,,a_stem,a_present,
924,954,it is blowing (refers to wind),kanolv'vska,,kanolv'vsko'i,unolvnv'i,,unolvti,nol,vsk-long[imp2],,r_stem,a_present,
925,955,he/she is stealing it,kanoski'a,tsinoski'a,kanoskisko'i,unoskisv'i,hinoski,unoskisti,nos,rev-gi,,r_stem,a_present,
925,955,he/she is stealing it,kanoski'a,tsinoski'a,kanoskisko'i,unoskisv'i,hinoski,unoskisti,nosk,rev-i,,r_stem,a_present,
928,958,he/she is sinking,kanoyvka,tsinoyvka,kanoyvko'i,unoyvtsv'i,hinoyvki,unoyv'isti,noyv,become[inf2],,r_stem,a_present,
932,962,he/she is exiting,kanukoka,tsinukoka,kanukoko'i,unukotsv'i,hinuko'i,unukosti,nu,ko-kots,,r_stem,a_present,
937,967,he/she is twisting him/her,kanutheyoha,tsinutheyoha,kanutheyoho'i,unutheyolv'i,hinutheyaka,unutheyasti,nuthey,oh-ol[inf3],,r_stem,a_present,
938,968,he/she is missing him/her (refers to as a target),kanvti'a,tsinvti'a,kanvtisko'i,unvtv'i,hinvta,unvtisti,nvt,i-a-i,,r_stem,a_present,
940,970,he/she is falling from an upright position,kanvka,tsinvka,kanvko'i,unvtsv'i,hinvki,unv'isti,nv,become[inf2],,r_stem,a_present,
942,972,he/she is hammering it,kanvkwalo'a,tsinvkwalo'a,kanvkwalosko'i,unvkwalo'v'i,hinvkwalotsa,unvkwalosti,nvkwal,o,,r_stem,a_present,
946,976,he/she is tying up a leg,kanvlhohiha,tsinvlhohiha,kanvlhohiho'i,unvlholhv'i,hinvlhoka,unvlhosti,nvlho,hih-lh,,r_stem,a_present,
949,979,he/she is tossing about,kanvtsitoha,tsinvtsitoha,kanvtsitoho'i,unvtsitolv'i,hinvtsita,unvtsitasti,nvtsit,be-at,,r_stem,a_present,
955,985,he/she is pushing him/her,kasatoska,tsiyasatoska,kasatosko'i,uwasatoyhv'i,hiyasatoyha,uwasatosti,asato,sk-h-yh,,vowel_stem,a_present,
956,986,he/she is rolling him/her,kasakwalehiha,tsiyasakwalehiha,kasakwalehiho'i,uwasakwalelhv'i,hiyasakwaleka,uwasakwalesti,asakwale,hih-lh,,vowel_stem,a_present,
973,1003,he/she is stabbing him/her,kathiha,tsiyathiha,kathiho'i,uwathilhv'i,hiyathika,uwathisti,at,hih-hilh,,vowel_stem,a_present,
979,1009,he/she is bathing him/her,kawo'a,tsiyawo'a,kawosko'i,uwo'v'i,hiyawotsa,uwosti,aw,o,,a_stem,a_present,
981,1011,he/she is lecturing him/her,kawonhtiha,tsiwonhtiha,kawonhtisko'i,uwonhthanv'i,hiwonhta,uwonhtohti,wonht,cause,,r_stem,a_present,
983,1013,he/she is speaking,kawoniha,tsiwoniha,kawonisko'i,uwonisv'i,hiwonihi,uwonihisti,won,ih-ihi,,r_stem,a_present,
1022,1052,he/she is making it,kolhvska,kolhvska,kolhvsko'i,uwolhvnhv'i,holhvna,uwolhvnhti,olh,vnh-vsk[inf3],,vowel_stem,a_present,
1030,1061,he/she is pulling a trigger,kotsane'a,kotsane'a,kotsanesko'i,uwotsanesv'i,hotsanaki,uwotsanesti,otsan,rev-e,,vowel_stem,a_present,
1038,1069,he/she is batting it,kostvniha,kostvniha,kostvniho'i,uwostvnilv'i,hostvnika,uwostvnisti,ostvn,ih-il,,vowel_stem,a_present,
1041,1072,it’s swelling,kothiska,kothiska,kothisko'i,uwothisv'i,hothihi,uwothihisti,othi,sk-s-hi-hihst,,vowel_stem,a_present,
1044,1075,he/she is unhitching him/her,kutale'a,tsiyutale'a,kutalesko'i,uwutalesv'i,hiyutalaki,uwutalesti,utal,rev-e,,vowel_stem,a_present,
1045,1076,he/she is hitching him/her up,kutalvska,tsiyutalvska,kutalvsko'i,uwutalvnv'i,hiyutalv'vka,uwutalvti,utal,vsk[imp2],,vowel_stem,a_present,
1055,1086,he/she is covering it,kulhvska,kulhvska,kulhvsko'i,uwulhvnv'i,hulhv'vka,uwulhvti,ulh,vsk[imp2],,vowel_stem,a_present,
1060,1091,he/she is picking him/her up,kuthe'a,tsiyuthe'a,kuthesko'i,uwuthesv'i,hiyuthaki,uwuthesti,uth,rev-e,,vowel_stem,a_present,
1061,1092,it’s snowing,kuthiha,,kuthisko'i,uwuthanhv'i,,uwuthohti,uth,cause[perf2],,vowel_stem,a_present,
1063,1094,he/she is sifting it,kvkustiha,kvkustiha,kvkustisko'i,uwakusthanv'i,hvkusta,uwakustohti,vkust,cause,,v_stem,a_present,
1064,1095,it’s leaking,kvkuska,,kvkusko'i,uwakusv'i,,uwakusti,vku,sk-s-hst,,v_stem,a_present,
1064,1095,it’s leaking,kvkuska,,kvkusko'i,uwakusv'i,,uwakusti,vku,sk-s-la,,v_stem,a_present,
1064,1095,it’s leaking,kvkuska,,kvkusko'i,uwakusv'i,,uwakusti,vku,sk-s-hst[imp2],,v_stem,a_present,
1076,1107,he/she is frying it,kvtsalhvska,kvtsalhvska,kvtsalhvsko'i,uwvtsalhanv'i,hvtsalhvka,uwvtsalhti,vtsal,hvsk-han,,vowel_stem,a_present,
1079,1110,it’s melting,kvnawoska,kvnawoska,kvnawosko'i,uwanawosv'i,hvnawohi,uwanawohisti,vnawo,sk-s-hi-hihst,,v_stem,a_present,
1081,1112,he/she is sweeping it,kvnosaska,kvnosaska,kvnosasko'i,uwanosahv'i,hvnosa,uwanosasti,vnosa,sk-h[imp2],,v_stem,a_present,
1083,1114,he/she is hiding it,kvskalhvska,kvskalhvska,kvskalhvsko'i,uwaskalhanv'i,hvskalhvka,uwaskalhti,vskal,hvsk-han,,v_stem,a_present,
1084,1115,he/she is hiding it (refers to a long object),kvskalati'a,kvskalati'a,kvskalatisko'i,uwaskalatv'i,hvskalata,uwaskalatisti,vskalat,i-a-i,,v_stem,a_present,
1085,1116,he/she is hiding him/her (refers to a flexible object),kvskalvska,tsiyvskalvska,kvskalvsko'i,uwaskalvnv'i,hiyvskalv'vka,uwaskalvti,vskal,vsk[imp2],,v_stem,a_present,
1086,1117,he/she is cracking it,kvskwalo'a,kvskwalo'a,kvskwalosko'i,uwaskwalo'v'i,hvskwalotsa,uwaskwalosti,vskwal,o,,v_stem,a_present,
1088,1119,he/she is soaking it (refers to a flexible object),kvwalhvska,kvwalhvska,kvwalhvsko'i,uwvwalhanv'i,hvwalhvka,uwvwalhti,vwal,hvsk-han,,vowel_stem,a_present,
1471,1537,he/she is throwing it,uteka,akwateka,uteko'i,utinvsv'i,tsatuka,utinvti,at,go-in,,a_stem,a_present,
1476,1542,he/she is having a birthday,utethiyiha,akwatethiyiha,utethiyisko'i,utethiyvhv'i,tsatethiya,utethiyhti,atethiy,ih-vh,,a_stem,a_present,
1483,1549,there’s an opening,utlanvta,,utlanvto'i,utlanvtv'i,,,atlanvt,stative,,a_stem,a_present,
1483,1549,there’s an opening,utlanvta,,utlanvto'i,utlanvtv'i,,,tlanvt,stative,,cons_stem,a_present,
1487,1553,he/she is taking revenge,utleka,akwatleka,utleko'i,utletsv'i,tsatleki,utle'isti,atle,become[inf2],,a_stem,a_present,
1507,1573,he/she wants it,utuliha,akwatuliha,utulisko'i,utulvhv'i,tsatula,utulhti,atul,ih-vh,,a_stem,a_present,
1514,1580,he/she is becoming warm,ukanawoska,akikanawoska,ukanawosko'i,ukanawosv'i,tsakanawohi,ukanawohisti,kanawo,sk-s-hi-hihst,,cons_stem,a_present,
1523,1589,he/she is late,ukonhiyoka,akikonhiyoka,ukonhiyoko'i,ukonhiyotsv'i,tsakonhiyoki,ukonhiyosti,konhiyo,become,,cons_stem,a_present,
1524,1590,it’s decaying,ukoska,akikoska,ukosko'i,ukosv'i,tsakohi,ukohisti,ko,sk-s-hi-hihst,,cons_stem,a_present,
1534,1600,he/she is having trouble breathing,uhawostiha,akihawostiha,uhawostisko'i,uhawosthanv'i,tsahawosta,uhawostohti,hawost,cause,,cons_stem,a_present,
1537,1603,it’s lonesome,uhisohti,,uhisohto'i,uhisohtv'i,,,ahisoht,stative,,a_stem,i_present,
1537,1603,it’s lonesome,uhisohti,,uhisohto'i,uhisohtv'i,,,hisoht,stative,,cons_stem,i_present,
1569,1635,it is cold (refers to weather),uyhvtla,,uyhvtlo'i,uyhvtlv'i,,,yhvtl,stative,,r_stem,a_present,
1569,1635,it is cold (refers to weather),uyhvtla,,uyhvtlo'i,uyhvtlv'i,,,yhvtl,stative,,cons_stem,a_present,
1569,1635,it is cold (refers to weather),uyhvtla,,uyhvtlo'i,uyhvtlv'i,,,ayhvtl,stative,,a_stem,a_present,
1599,1665,he/she is not having luck at hunting,ukwholeka,akikwholeka,ukwholeko'i,ukwholvsv'i,tsakwholuka,ukwholvsti,kwhol,go,,cons_stem,a_present,
1602,1668,he/she is losing his/her way,ulenahiha,akwalenahiha,ulenahiho'i,ulenalhv'i,tsalenaka,ulenasti,alena,hih-lh,,a_stem,a_present,
1604,1670,he/she is making a mistake,ulitastiha,akilitastiha,ulitastisko'i,ulitasthanv'i,tsalitasta,ulitastohti,litast,cause,,cons_stem,a_present,
1604,1670,he/she is making a mistake,ulitastiha,akilitastiha,ulitastisko'i,ulitasthanv'i,tsalitasta,ulitastohti,litast,cause,,r_stem,a_present,
1612,1678,he/she is whining,uliyetiha,akiliyetiha,uliyetisko'i,uliyethanv'i,tsaliyeta,uliyetohti,liyet,cause,,r_stem,a_present,
1612,1678,he/she is whining,uliyetiha,akiliyetiha,uliyetisko'i,uliyethanv'i,tsaliyeta,uliyetohti,liyet,cause,,cons_stem,a_present,
1614,1680,it’s cloudy,ulokila,,ulokilo'i,ulokilv'i,,,lokil,stative,,r_stem,a_present,
1614,1680,it’s cloudy,ulokila,,ulokilo'i,ulokilv'i,,,lokil,stative,,cons_stem,a_present,
1614,1680,it’s cloudy,ulokila,,ulokilo'i,ulokilv'i,,,alokil,stative,,a_stem,a_present,
1754,1823,he/she is sending on object (refers to a long object),wati'a,witsiti'a,watisko'i,wutv'i,whita,wutisti,t,i-a-i,,cons_stem,a_present,+
1776,1847,he/she is sending it (refers to a flexible object),wikanv'vska,witsinv'vska,wikanv'vsko'i,wunvnv'i,whinv'vka,wunvti,n,vsk-long[imp2],,r_stem,a_present,+
1776,1847,he/she is sending it (refers to a flexible object),wikanv'vska,witsinv'vska,wikanv'vsko'i,wunvnv'i,whinv'vka,wunvti,nv,vsk-post-v,,r_stem,a_present,+
1778,1849,he/she is going out of sight,wutelika,wakwatelika,wuteliko'i,wutelitsv'i,witsateliki,wutelisti,ateli,become,,a_stem,a_present,+
